{
  "src": ["add-neutral_j.mp3"],
  "sprite": {
    "1+1": [0, 1213.764172335601],
    "1+2": [3000, 1149.8866213151925],
    "1+3": [6000, 1175.986394557823],
    "1+4": [9000, 1349.3650793650786],
    "1+5": [12000, 1322.4716553287976],
    "1+6": [15000, 1289.7959183673465],
    "1+7": [18000, 1239.9999999999984],
    "1+8": [21000, 1287.0521541950097],
    "1+9": [24000, 1306.4852607709768],
    "2+1": [27000, 1088.548752834466],
    "2+2": [30000, 1035.0113378684823],
    "2+3": [33000, 1029.5238095238092],
    "2+4": [36000, 1239.274376417235],
    "2+5": [39000, 1153.8548752834502],
    "2+6": [42000, 1128.9795918367317],
    "2+7": [45000, 1055.4421768707484],
    "2+8": [48000, 1152.99319727891],
    "2+9": [51000, 1171.609977324266],
    "3+1": [54000, 1033.1746031746006],
    "3+2": [57000, 966.4172335600938],
    "3+3": [59000, 936.9841269841288],
    "3+4": [61000, 1130.1360544217687],
    "3+5": [64000, 1077.233560090704],
    "3+6": [67000, 1062.4716553287926],
    "3+7": [70000, 976.3265306122406],
    "3+8": [72000, 1046.8707482993268],
    "3+9": [75000, 1107.0975056689322],
    "4+1": [78000, 1190.748299319722],
    "4+2": [81000, 1109.50113378685],
    "4+3": [84000, 1113.3333333333298],
    "4+4": [87000, 1280.4988662131507],
    "4+5": [90000, 1194.625850340131],
    "4+6": [93000, 1206.4852607709754],
    "4+7": [96000, 1147.4829931972722],
    "4+8": [99000, 1203.9455782312984],
    "4+9": [102000, 1281.3832199546482],
    "5+1": [105000, 1082.2902494331004],
    "5+2": [108000, 1060.9523809523864],
    "5+3": [111000, 1061.156462585032],
    "5+4": [114000, 1241.3378684807271],
    "5+5": [117000, 1146.5986394557888],
    "5+6": [120000, 1122.22222222222],
    "5+7": [123000, 1091.0884353741467],
    "5+8": [126000, 1161.0657596371823],
    "5+9": [129000, 1238.2539682539573],
    "6+1": [132000, 1190.793650793637],
    "6+2": [135000, 1215.05668934239],
    "6+3": [138000, 1106.961451247173],
    "6+4": [141000, 1316.4852607709747],
    "6+5": [144000, 1251.8820861677966],
    "6+6": [147000, 1197.4376417233543],
    "6+7": [150000, 1147.823129251691],
    "6+8": [153000, 1210.3401360544126],
    "6+9": [156000, 1340.4081632652947],
    "7+1": [159000, 1169.841269841271],
    "7+2": [162000, 1092.925170068014],
    "7+3": [165000, 1128.9795918367247],
    "7+4": [168000, 1293.1519274376342],
    "7+5": [171000, 1238.0498866213259],
    "7+6": [174000, 1234.0362811791294],
    "7+7": [177000, 1191.1111111110984],
    "7+8": [180000, 1219.3877551020478],
    "7+9": [183000, 1300.6122448979625],
    "8+1": [186000, 1198.4807256235968],
    "8+2": [189000, 1129.6598639455908],
    "8+3": [192000, 1133.2653061224391],
    "8+4": [195000, 1324.761904761914],
    "8+5": [198000, 1256.6213151927457],
    "8+6": [201000, 1261.5419501133829],
    "8+7": [204000, 1188.2312925170027],
    "8+8": [207000, 1249.7505668934252],
    "8+9": [210000, 1288.6394557823166],
    "9+1": [213000, 1208.4807256235877],
    "9+2": [216000, 1211.5419501133715],
    "9+3": [219000, 1121.0430839002186],
    "9+4": [222000, 1342.0408163265165],
    "9+5": [225000, 1305.079365079365],
    "9+6": [228000, 1248.9795918367292],
    "9+7": [231000, 1177.1201814058827],
    "9+8": [234000, 1236.3492063492174],
    "9+9": [237000, 1385.1247165532925],
    "add-neutral": [240000, 240000]
  }
}
