{
  "src": ["mul-good_j.mp3"],
  "sprite": {
    "2x2": [0, 1009.0249433106575],
    "2x3": [3000, 904.6258503401364],
    "2x4": [5000, 1306.8480725623583],
    "2x5": [8000, 1129.6371882086173],
    "2x6": [11000, 1064.4897959183677],
    "2x7": [14000, 1050.4535147392282],
    "2x8": [17000, 1159.4104308390029],
    "2x9": [20000, 1178.9569160997714],
    "3x2": [23000, 873.8548752834454],
    "3x3": [25000, 789.7732426303854],
    "3x4": [27000, 1077.1882086167786],
    "3x5": [30000, 958.2766439909313],
    "3x6": [32000, 958.458049886623],
    "3x7": [34000, 997.5056689342381],
    "3x8": [36000, 1042.403628117917],
    "3x9": [39000, 975.4421768707502],
    "4x2": [41000, 1039.387755102041],
    "4x3": [44000, 1064.693877551022],
    "4x4": [47000, 1149.7278911564592],
    "4x5": [50000, 1187.9591836734703],
    "4x6": [53000, 1155.3061224489766],
    "4x7": [56000, 1115.102040816325],
    "4x8": [59000, 1197.2789115646237],
    "4x9": [62000, 1280.9750566893426],
    "5x2": [65000, 899.0249433106641],
    "5x3": [67000, 875.8276643990968],
    "5x4": [69000, 1041.0884353741494],
    "5x5": [72000, 933.3786848072521],
    "5x6": [74000, 947.0975056689355],
    "5x7": [76000, 912.993197278908],
    "5x8": [78000, 986.553287981863],
    "5x9": [80000, 974.7619047619054],
    "6x2": [82000, 1125.1700680272165],
    "6x3": [85000, 1176.9841269841236],
    "6x4": [88000, 1196.4399092970552],
    "6x5": [91000, 1135.668934240357],
    "6x6": [94000, 1196.6666666666724],
    "6x7": [97000, 1186.6893424036248],
    "6x8": [100000, 1184.4897959183668],
    "6x9": [103000, 1205.9863945578259],
    "7x2": [106000, 1088.775510204087],
    "7x3": [109000, 970.045351473928],
    "7x4": [111000, 1166.9841269841327],
    "7x5": [114000, 1064.4444444444475],
    "7x6": [117000, 1119.931972789118],
    "7x7": [120000, 1134.9206349206327],
    "7x8": [123000, 1179.2290249433108],
    "7x9": [126000, 1104.9659863945608],
    "8x2": [129000, 1109.931972789127],
    "8x3": [132000, 1013.1746031746047],
    "8x4": [135000, 1260.5215419501121],
    "8x5": [138000, 1093.2879818594188],
    "8x6": [141000, 1114.807256235821],
    "8x7": [144000, 1194.3083900226839],
    "8x8": [147000, 1204.444444444448],
    "8x9": [150000, 1230.2040816326496],
    "9x2": [153000, 1044.7165532879694],
    "9x3": [156000, 953.015873015886],
    "9x4": [158000, 1200.9977324263161],
    "9x5": [161000, 977.2108843537524],
    "9x6": [163000, 1086.0544217686936],
    "9x7": [166000, 1091.5646258503386],
    "9x8": [169000, 1154.104308390032],
    "9x9": [172000, 1089.5011337868539],
    "mul-good": [175000, 175000]
  }
}
