{
  "src": ["numbers-good_j.mp3"],
  "sprite": {
    "1": [0, 709.4104308390023],
    "2": [24000, 679.9773242630387],
    "3": [43000, 474.9206349206361],
    "4": [53000, 704.3083900226748],
    "5": [67000, 556.3945578231255],
    "6": [75000, 825.0113378684745],
    "7": [82000, 754.9659863945521],
    "8": [87000, 844.6938775510233],
    "9": [92000, 640.839002267569],
    "10": [2000, 712.5396825396825],
    "11": [4000, 905.0113378684807],
    "12": [6000, 824.7165532879822],
    "13": [8000, 869.9319727891161],
    "14": [10000, 969.1383219954641],
    "15": [12000, 853.3333333333335],
    "16": [14000, 953.6734693877555],
    "17": [16000, 983.6734693877567],
    "18": [18000, 1023.8548752834475],
    "19": [21000, 1019.9546485260776],
    "20": [26000, 860.975056689341],
    "21": [28000, 1062.448979591835],
    "24": [31000, 1139.2970521541984],
    "25": [34000, 1037.8911564625853],
    "27": [37000, 1087.573696145128],
    "28": [40000, 1134.9206349206327],
    "30": [45000, 739.9773242630374],
    "32": [47000, 915.1700680272086],
    "35": [49000, 904.7165532879831],
    "36": [51000, 974.5578231292527],
    "40": [55000, 713.106575963721],
    "42": [57000, 954.013605442178],
    "45": [59000, 906.6666666666663],
    "48": [61000, 1089.7505668934216],
    "49": [64000, 1084.3990929705285],
    "54": [69000, 1139.2517006802764],
    "56": [72000, 1148.1859410430816],
    "63": [77000, 929.0702947845801],
    "64": [79000, 1094.4444444444484],
    "72": [84000, 1152.9931972789173],
    "81": [89000, 1226.4399092970564],
    "numbers-good": [94000, 94000]
  }
}
