{
  "src": ["sub-neutral.mp3"],
  "sprite": {
    "10-1": [0, 1381.5419501133788],
    "10-2": [3000, 1214.8752834467125],
    "10-3": [6000, 1233.4693877551022],
    "10-4": [9000, 1391.9727891156465],
    "10-5": [12000, 1289.2743764172342],
    "10-6": [15000, 1261.5419501133792],
    "10-7": [18000, 1237.1428571428567],
    "10-8": [21000, 1337.165532879819],
    "10-9": [24000, 1367.6417233560087],
    "11-1": [27000, 1523.2426303854893],
    "11-10": [30000, 1574.8299319727898],
    "11-2": [33000, 1354.1269841269852],
    "11-3": [36000, 1425.782312925172],
    "11-4": [39000, 1605.578231292519],
    "11-5": [42000, 1463.3333333333312],
    "11-6": [45000, 1484.5578231292507],
    "11-7": [48000, 1454.3764172335614],
    "11-8": [51000, 1520.770975056692],
    "11-9": [54000, 1526.757369614515],
    "12-1": [57000, 1508.9795918367345],
    "12-10": [60000, 1549.6598639455783],
    "12-11": [63000, 1777.9138321995447],
    "12-2": [66000, 1383.1746031746093],
    "12-3": [69000, 1407.1655328798158],
    "12-4": [72000, 1594.1269841269873],
    "12-5": [75000, 1429.6371882086164],
    "12-6": [78000, 1451.0204081632594],
    "12-7": [81000, 1434.104308390019],
    "12-8": [84000, 1473.3333333333292],
    "12-9": [87000, 1537.7324263038618],
    "13-1": [90000, 1485.5555555555497],
    "13-10": [93000, 1491.0884353741521],
    "13-11": [96000, 1712.7437641723304],
    "13-12": [99000, 1651.2018140589503],
    "13-2": [102000, 1322.3356009070244],
    "13-3": [105000, 1380.1360544217687],
    "13-4": [108000, 1525.1473922902505],
    "13-5": [111000, 1413.0385487528372],
    "13-6": [114000, 1412.2675736961412],
    "13-7": [117000, 1398.2539682539682],
    "13-8": [120000, 1473.9909297052095],
    "13-9": [123000, 1485.9863945578268],
    "14-1": [126000, 1563.6281179138364],
    "14-10": [129000, 1590.5215419501246],
    "14-11": [132000, 1819.002267573694],
    "14-12": [135000, 1731.4965986394668],
    "14-13": [138000, 1766.893424036283],
    "14-2": [141000, 1401.746031746029],
    "14-3": [144000, 1437.2789115646185],
    "14-4": [147000, 1606.8934240362864],
    "14-5": [150000, 1475.8730158730202],
    "14-6": [153000, 1485.918367346926],
    "14-7": [156000, 1449.8412698412722],
    "14-8": [159000, 1560.9977324263014],
    "14-9": [162000, 1560.0000000000023],
    "15-1": [165000, 1470.1587301587438],
    "15-10": [168000, 1567.392290249444],
    "15-11": [171000, 1787.1655328798113],
    "15-12": [174000, 1687.777777777768],
    "15-13": [177000, 1727.9591836734767],
    "15-14": [180000, 1777.7097505668848],
    "15-2": [183000, 1387.2789115646356],
    "15-3": [186000, 1426.59863945579],
    "15-4": [189000, 1556.122448979579],
    "15-5": [192000, 1466.0544217687175],
    "15-6": [195000, 1474.1269841269968],
    "15-7": [198000, 1442.4489795918305],
    "15-8": [201000, 1508.6848072562304],
    "15-9": [204000, 1543.9229024943302],
    "16-1": [207000, 1548.2086167800446],
    "16-10": [210000, 1588.1859410430934],
    "16-11": [213000, 1798.0272108843565],
    "16-12": [216000, 1727.8231292517034],
    "16-13": [219000, 1743.8775510204039],
    "16-14": [222000, 1817.4376417233589],
    "16-15": [225000, 1807.324263038538],
    "16-2": [228000, 1399.0022675737066],
    "16-3": [231000, 1443.8548752834492],
    "16-4": [234000, 1593.7414965986534],
    "16-5": [237000, 1488.9795918367383],
    "16-6": [240000, 1492.6077097505583],
    "16-7": [243000, 1484.2403628117893],
    "16-8": [246000, 1554.1043083900092],
    "16-9": [249000, 1574.1043083900195],
    "17-1": [252000, 1547.9591836734699],
    "17-10": [255000, 1580.77097505668],
    "17-11": [258000, 1781.3151927437616],
    "17-12": [261000, 1743.5600907029425],
    "17-13": [264000, 1752.9931972788972],
    "17-14": [267000, 1810.3401360544353],
    "17-15": [270000, 1800.9977324263104],
    "17-16": [273000, 1794.9433106575725],
    "17-2": [276000, 1407.346938775504],
    "17-3": [279000, 1409.2970521542156],
    "17-4": [282000, 1602.6303854875437],
    "17-5": [285000, 1447.7777777777874],
    "17-6": [288000, 1455.1700680272006],
    "17-7": [291000, 1454.1496598639583],
    "17-8": [294000, 1537.959183673479],
    "17-9": [297000, 1558.7074829932135],
    "18-1": [300000, 1654.6485260770964],
    "18-10": [303000, 1691.7460317460495],
    "18-11": [306000, 1855.873015873044],
    "18-12": [309000, 1861.791383219952],
    "18-13": [312000, 1845.2607709750737],
    "18-14": [315000, 1936.2585034013478],
    "18-15": [318000, 1907.0521541950143],
    "18-16": [321000, 1909.5691609977052],
    "18-17": [324000, 1827.4376417233498],
    "18-2": [327000, 1496.145124716577],
    "18-3": [330000, 1544.9659863945726],
    "18-4": [333000, 1714.8299319728153],
    "18-5": [336000, 1578.117913832216],
    "18-6": [339000, 1607.619047619039],
    "18-7": [342000, 1556.1678004535224],
    "18-8": [345000, 1663.4693877551285],
    "18-9": [348000, 1679.6371882086305],
    "19-1": [351000, 1626.5079365079487],
    "19-10": [354000, 1643.0612244897702],
    "19-11": [357000, 1871.2018140589635],
    "19-12": [360000, 1781.020408163272],
    "19-13": [363000, 1791.043083900206],
    "19-14": [366000, 1871.814058956943],
    "19-15": [369000, 1853.333333333353],
    "19-16": [372000, 1860.3854875283332],
    "19-17": [375000, 1747.6643990929688],
    "19-18": [378000, 1873.7188208616544],
    "19-2": [381000, 1480.6575963718842],
    "19-3": [384000, 1491.5873015872876],
    "19-4": [387000, 1644.1043083900126],
    "19-5": [390000, 1546.3718820861914],
    "19-6": [393000, 1561.9954648526004],
    "19-7": [396000, 1529.2970521542202],
    "19-8": [399000, 1592.222222222233],
    "19-9": [402000, 1612.0408163265552],
    "2-1": [405000, 1188.7301587301522],
    "20-1": [408000, 1469.4557823129344],
    "20-10": [411000, 1495.9863945578036],
    "20-11": [414000, 1721.2471655328727],
    "20-12": [417000, 1644.8752834467086],
    "20-13": [420000, 1651.6780045351425],
    "20-14": [423000, 1731.8140589568998],
    "20-15": [426000, 1709.2517006802836],
    "20-16": [429000, 1709.274376417227],
    "20-17": [432000, 1622.4036281179224],
    "20-18": [435000, 1737.4149659863747],
    "20-19": [438000, 1717.7097505668826],
    "20-2": [441000, 1344.965986394584],
    "20-3": [444000, 1323.7414965986432],
    "20-4": [447000, 1514.64852607711],
    "20-5": [450000, 1355.0566893424048],
    "20-6": [453000, 1414.9659863945772],
    "20-7": [456000, 1352.562358276657],
    "20-8": [459000, 1444.3764172335705],
    "20-9": [462000, 1493.6734693877725],
    "3-1": [465000, 1114.9206349206224],
    "3-2": [468000, 978.5941043083994],
    "4-1": [470000, 1281.0657596372153],
    "4-2": [473000, 1115.9863945578081],
    "4-3": [476000, 1147.7097505668894],
    "5-1": [479000, 1241.8820861677773],
    "5-2": [482000, 1089.5011337868254],
    "5-3": [485000, 1091.3832199546505],
    "5-4": [488000, 1245.5328798185974],
    "6-1": [491000, 1325.6462585034114],
    "6-2": [494000, 1137.6870748299552],
    "6-3": [497000, 1197.1655328798079],
    "6-4": [500000, 1340.4761904761813],
    "6-5": [503000, 1211.0657596371652],
    "7-1": [506000, 1340.5215419501246],
    "7-2": [509000, 1133.8321995464753],
    "7-3": [512000, 1144.3990929705024],
    "7-4": [515000, 1344.9659863945271],
    "7-5": [518000, 1195.8276643990757],
    "7-6": [521000, 1240.226757369669],
    "8-1": [524000, 1364.8072562358493],
    "8-2": [527000, 1190.6575963719206],
    "8-3": [530000, 1208.9115646258506],
    "8-4": [533000, 1374.1950113378607],
    "8-5": [536000, 1238.662131519277],
    "8-6": [539000, 1257.4149659864133],
    "8-7": [542000, 1238.2539682539573],
    "9-1": [545000, 1357.6417233559823],
    "9-2": [548000, 1172.74376417231],
    "9-3": [551000, 1200.9977324263446],
    "9-4": [554000, 1362.9251700680243],
    "9-5": [557000, 1241.746031746061],
    "9-6": [560000, 1245.7142857142571],
    "9-7": [563000, 1223.9909297052236],
    "9-8": [566000, 1293.7641723356137],