{
  "src": ["ui-jahlib_j.mp3"],
  "sprite": {
    "UI_Alert_Low_Health": [0, 1530.3174603174602],
    "UI_Cancel_01": [3000, 684.988662131519],
    "UI_Cancel_02": [5000, 429.5011337868484],
    "UI_Cancel_03": [7000, 444.92063492063494],
    "UI_Cancel_04": [9000, 565.4875283446721],
    "UI_Confirm_Bright": [11000, 972.7437641723355],
    "UI_Confirm_Major": [13000, 953.8548752834472],
    "UI_Confirm_Medium": [15000, 1134.9659863945583],
    "UI_Confirm_Sparkle_01": [18000, 1075.5782312925178],
    "UI_Confirm_Sparkle_02": [21000, 1044.580498866214],
    "UI_Cursor_Back_01": [24000, 707.6643990929697],
    "UI_Cursor_Move_01": [26000, 540.4081632653047],
    "UI_Cursor_Move_02": [28000, 414.60317460317594],
    "UI_Cursor_Move_03": [30000, 678.7528344671188],
    "UI_Cursor_Move_04": [32000, 722.1768707482994],
    "UI_Cursor_Move_05": [34000, 624.4444444444425],
    "UI_Cursor_Move_06": [36000, 872.4036281179153],
    "UI_Cursor_Select_01": [38000, 805.4421768707484],
    "UI_Cursor_Select_02": [40000, 745.5102040816328],
    "UI_Cursor_Select_03_Alt": [42000, 743.7188208616803],
    "UI_Cursor_Select_03": [44000, 997.7324263038554],
    "UI_Cursor_Select_04": [46000, 493.3333333333323],
    "UI_Cursor_Select_05": [48000, 480.54421768707556],
    "UI_Dragging_Object_01": [50000, 139.6825396825392],
    "UI_Dragging_Object_02": [52000, 472.6077097505694],
    "UI_Drop_Object": [54000, 1027.2108843537424],
    "UI_Equip_Major": [57000, 1855.4648526077103],
    "UI_Error_01": [60000, 1214.5124716553255],
    "UI_Error_02": [63000, 1160.2040816326564],
    "UI_Level_Up_Fast": [66000, 1116.2131519274396],
    "UI_Level_Up": [69000, 3659.3877551020455],
    "UI_Levelup_Fast": [74000, 1116.2131519274396],
    "UI_Movement_Misc": [77000, 159.47845804988958],
    "UI_Notification_Popup": [79000, 479.63718820861345],
    "UI_Pause_01": [81000, 1156.575963718822],
    "UI_Pause_02": [84000, 892.6984126984081],
    "UI_Purchase_Item": [86000, 1525.079365079364],
    "UI_Reward_Bonus_Chirp": [89000, 1684.8979591836724],
    "UI_Reward_Sound": [92000, 807.2562358276656],
    "UI_RPG_Turn": [94000, 1686.6666666666674],
    "UI_Selection_Invalid": [97000, 1132.1541950113385],
    "UI_Stat_Gained": [100000, 1988.6167800453477],
    "UI_Thip_01": [103000, 128.50340136054683],
    "UI_Thip_02": [105000, 83.26530612244198],
    "UI_Tick_03": [107000, 231.97278911564467],
    "UI_Tick_Minor": [109000, 646.4625850340155],
    "UI_Tock_01": [111000, 154.19501133786184],
    "UI_Tock_02": [113000, 73.10657596372039],
    "UI_Tock_03": [115000, 760.0000000000051],
    "UI_Toggle_Tiny": [117000, 1006.462585034015],
    "UI_Whoosh_Fast": [120000, 374.6485260770953]
  }
}
